<?xml version="1.0" encoding="utf-8" ?>
<listings>
  <listing>
    <title lang="en_US"><![CDATA[Title in USmana1]]></title>
    <content lang="en_US"><![CDATA[Lor4em ipsum dolor sit amet, consectetur adipiscing elit. Donec id nulla dolor. Ut aliquet, mauris id molestie porttitor, dui lorem pretium sem, quis vestibulum orci purus ultrices lacus. Nulla accumsan tortor porta nibh consequat rhoncus. Pellentesque habitant morbi tristique senectus et netus et malesuada fames ac turpis egestas. Morbi elementum venenatis ante eu porta. Curabitur ultricies nunc vel elit rutrum scelerisque. Class aptent taciti sociosqu ad litora torquent per conubia nostra, per inceptos himenaeos. Suspendisse rutrum lectus quis sem malesuada nec placerat sapien malesuada.]]></content>
    <category lang="en_US">Auto</category>
    <contactemail>email@yahoo.com</contactemail>
    <contactname>Mr. False Name1</contactname>
    <price>123.45</price>
    <currency>USD</currency>
    <city_area>07841454774</city_area>
    <city>Arizona</city>
    <region>Arizona</region>
    <countryId>US</countryId>
    <country>United States</country>
    <custom name="client">Companie</custom>
    <custom name="tip">Vanzare</custom>
    <image>http://conejo.me/cats/153.jpg</image>
    <image>http://conejo.me/cats/598.jpg</image>
    <image>http://conejo.me/cats/1908.jpg</image>
    <datetime>2013-03-08 12:34:56</datetime>
  </listing>
  <listing>
    <title lang="en_US"><![CDATA[Title in English 2]]></title>
    <content lang="en_US"><![CDATA[Lor3em ipsum dolor sit amet, consectetur adipiscing elit. Donec id nulla dolor. Ut aliquet, mauris id molestie porttitor, dui lorem pretium sem, quis vestibulum orci purus ultrices lacus. Nulla accumsan tortor porta nibh consequat rhoncus. Pellentesque habitant morbi tristique senectus et netus et malesuada fames ac turpis egestas. Morbi elementum venenatis ante eu porta. Curabitur ultricies nunc vel elit rutrum scelerisque. Class aptent taciti sociosqu ad litora torquent per conubia nostra, per inceptos himenaeos. Suspendisse rutrum lectus quis sem malesuada nec placerat sapien malesuada.]]></content>
    <category lang="en_US">Real-Estate</category>
    <contactemail>your.false123@email.com</contactemail>
    <contactname>Mrs. True Name 123 1</contactname>
    <price>98.76</price>
    <currency>USD</currency>
    <city_area>0845744774</city_area>
    <city>Bucks</city>
    <region>Arizona</region>
    <countryId>US</countryId>
    <country>United States</country>
    <custom name="client">Companie</custom>
    <custom name="tip">Inchiriere</custom>
    <image>http://conejo.me/cats/13.jpg</image>
    <image>http://conejo.me/cats/598.jpg</image>
    <image>http://conejo.me/cats/1908.jpg</image>
    <datetime>2012-08-03 12:34:56</datetime>
  </listing>
  <listing>
    <title lang="en_US"><![CDATA[Title in English 23]]></title>
    <content lang="en_US"><![CDATA[Lorem ipsum dolor sit a5met, consectetur adipiscing elit. Donec id nulla dolor. Ut aliquet, mauris id molestie porttitor, dui lorem pretium sem, quis vestibulum orci purus ultrices lacus. Nulla accumsan tortor porta nibh consequat rhoncus. Pellentesque habitant morbi tristique senectus et netus et malesuada fames ac turpis egestas. Morbi elementum venenatis ante eu porta. Curabitur ultricies nunc vel elit rutrum scelerisque. Class aptent taciti sociosqu ad litora torquent per conubia nostra, per inceptos himenaeos. Suspendisse rutrum lectus quis sem malesuada nec placerat sapien malesuada.]]></content>
    <category lang="en_US">Real-Estate</category>
    <contactemail>your.false123@email.com</contactemail>
    <contactname>Mrs. True Name 123 1</contactname>
    <price>98.76</price>
    <currency>USD</currency>
    <city_area>0845744774</city_area>
    <city>Bucks</city>
    <region>Arizona</region>
    <countryId>US</countryId>
    <country>United States</country>
    <custom name="client">Companie</custom>
    <custom name="tip">Inchiriere</custom>
    <image>http://conejo.me/cats/13.jpg</image>
    <image>http://conejo.me/cats/598.jpg</image>
    <image>http://conejo.me/cats/1908.jpg</image>
    <datetime>2012-08-03 12:34:56</datetime>
  </listing>
  <listing>
    <title lang="en_US"><![CDATA[Title in English 24]]></title>
    <content lang="en_US"><![CDATA[Lorem ipsum dolor sit am6et, consectetur adipiscing elit. Donec id nulla dolor. Ut aliquet, mauris id molestie porttitor, dui lorem pretium sem, quis vestibulum orci purus ultrices lacus. Nulla accumsan tortor porta nibh consequat rhoncus. Pellentesque habitant morbi tristique senectus et netus et malesuada fames ac turpis egestas. Morbi elementum venenatis ante eu porta. Curabitur ultricies nunc vel elit rutrum scelerisque. Class aptent taciti sociosqu ad litora torquent per conubia nostra, per inceptos himenaeos. Suspendisse rutrum lectus quis sem malesuada nec placerat sapien malesuada.]]></content>
    <category lang="en_US">Real-Estate</category>
    <contactemail>your.false123@email.com</contactemail>
    <contactname>Mrs. True Name 123 1</contactname>
    <price>98.76</price>
    <currency>USD</currency>
    <city_area>0845744774</city_area>
    <city>Bucks</city>
    <region>Arizona</region>
    <countryId>US</countryId>
    <country>United States</country>
    <custom name="client">Companie</custom>
    <custom name="tip">Inchiriere</custom>
    <image>http://conejo.me/cats/13.jpg</image>
    <image>http://conejo.me/cats/598.jpg</image>
    <image>http://conejo.me/cats/1908.jpg</image>
    <datetime>2012-08-03 12:34:56</datetime>
  </listing>
  <listing>
    <title lang="en_US"><![CDATA[Title in English 25]]></title>
    <content lang="en_US"><![CDATA[Lorem ipsum dolor sit amet, co7nsectetur adipiscing elit. Donec id nulla dolor. Ut aliquet, mauris id molestie porttitor, dui lorem pretium sem, quis vestibulum orci purus ultrices lacus. Nulla accumsan tortor porta nibh consequat rhoncus. Pellentesque habitant morbi tristique senectus et netus et malesuada fames ac turpis egestas. Morbi elementum venenatis ante eu porta. Curabitur ultricies nunc vel elit rutrum scelerisque. Class aptent taciti sociosqu ad litora torquent per conubia nostra, per inceptos himenaeos. Suspendisse rutrum lectus quis sem malesuada nec placerat sapien malesuada.]]></content>
    <category lang="en_US">Real-Estate</category>
    <contactemail>your.false123@email.com</contactemail>
    <contactname>Mrs. True Name 123 1</contactname>
    <price>98.76</price>
    <currency>USD</currency>
    <city_area>0845744774</city_area>
    <city>Bucks</city>
    <region>Arizona</region>
    <countryId>US</countryId>
    <country>United States</country>
    <custom name="client">Companie</custom>
    <custom name="tip">Inchiriere</custom>
    <image>http://conejo.me/cats/13.jpg</image>
    <image>http://conejo.me/cats/598.jpg</image>
    <image>http://conejo.me/cats/1908.jpg</image>
    <datetime>2012-08-03 12:34:56</datetime>
  </listing>
  <listing>
    <title lang="en_US"><![CDATA[Title in English 26]]></title>
    <content lang="en_US"><![CDATA[Lorem ipsum dolor sit amet, conse8ctetur adipiscing elit. Donec id nulla dolor. Ut aliquet, mauris id molestie porttitor, dui lorem pretium sem, quis vestibulum orci purus ultrices lacus. Nulla accumsan tortor porta nibh consequat rhoncus. Pellentesque habitant morbi tristique senectus et netus et malesuada fames ac turpis egestas. Morbi elementum venenatis ante eu porta. Curabitur ultricies nunc vel elit rutrum scelerisque. Class aptent taciti sociosqu ad litora torquent per conubia nostra, per inceptos himenaeos. Suspendisse rutrum lectus quis sem malesuada nec placerat sapien malesuada.]]></content>
    <category lang="en_US">Real-Estate1</category>
    <contactemail>your.false123@email.com</contactemail>
    <contactname>Mrs. True Name 123 1</contactname>
    <price>98.76</price>
    <currency>USD</currency>
    <city_area>0845744774</city_area>
    <city>Bucks</city>
    <region>Arizona</region>
    <countryId>US</countryId>
    <country>United States</country>
    <custom name="client">Companie</custom>
    <custom name="tip">Inchiriere</custom>
    <image>http://conejo.me/cats/13.jpg</image>
    <image>http://conejo.me/cats/598.jpg</image>
    <image>http://conejo.me/cats/1908.jpg</image>
    <datetime>2012-08-03 12:34:56</datetime>
  </listing>
  <listing>
    <title lang="en_US"><![CDATA[Title in English 27]]></title>
    <content lang="en_US"><![CDATA[Lorem ipsum dolor sit amet, consec9tetur adipiscing elit. Donec id nulla dolor. Ut aliquet, mauris id molestie porttitor, dui lorem pretium sem, quis vestibulum orci purus ultrices lacus. Nulla accumsan tortor porta nibh consequat rhoncus. Pellentesque habitant morbi tristique senectus et netus et malesuada fames ac turpis egestas. Morbi elementum venenatis ante eu porta. Curabitur ultricies nunc vel elit rutrum scelerisque. Class aptent taciti sociosqu ad litora torquent per conubia nostra, per inceptos himenaeos. Suspendisse rutrum lectus quis sem malesuada nec placerat sapien malesuada.]]></content>
    <category lang="en_US">Real-Estate2</category>
    <contactemail>your.false123@email.com</contactemail>
    <contactname>Mrs. True Name 123 1</contactname>
    <price>98.76</price>
    <currency>USD</currency>
    <city_area>0845744774</city_area>
    <city>Bucks</city>
    <region>Arizona</region>
    <countryId>US</countryId>
    <country>United States</country>
    <custom name="client">Companie</custom>
    <custom name="tip">Inchiriere</custom>
    <image>http://conejo.me/cats/13.jpg</image>
    <image>http://conejo.me/cats/598.jpg</image>
    <image>http://conejo.me/cats/1908.jpg</image>
    <datetime>2012-08-03 12:34:56</datetime>
  </listing>
  <listing>
    <title lang="en_US"><![CDATA[Title in English 28]]></title>
    <content lang="en_US"><![CDATA[Lorem ipsum dolor sit amet, consectetur adipiscing elit. Donec id nulla dolor. Ut aliquet, mauris id molestie porttitor, dui lorem pretium sem, quis vestibulum orci purus ultrices lacus. Nulla accumsan tortor porta nibh consequat rhoncus. Pellentesque habitant morbi tristique senectus et netus et malesuada fames ac turpis egestas. Morbi elementum venenatis ante eu porta. Curabitur ultricies nunc vel elit rutrum scelerisque. Class aptent taciti sociosqu ad litora torquent per conubia nostra, per inceptos himenaeos. Suspendisse rutrum lectus quis sem malesuada nec placerat sapien malesuada.]]></content>
    <category lang="en_US">Real-Estate</category>
    <contactemail>your.false123@email.com</contactemail>
    <contactname>Mrs. True Name 123 1</contactname>
    <price>98.76</price>
    <currency>USD</currency>
    <city_area>0845744774</city_area>
    <city>Bucks</city>
    <region>Arizona</region>
    <countryId>US</countryId>
    <country>United States</country>
    <custom name="client">Companie</custom>
    <custom name="tip">Inchiriere</custom>
    <image>http://conejo.me/cats/13.jpg</image>
    <image>http://conejo.me/cats/598.jpg</image>
    <image>http://conejo.me/cats/1908.jpg</image>
    <datetime>2012-08-03 12:34:56</datetime>
  </listing>
  <listing>
    <title lang="en_US"><![CDATA[Title in English 29]]></title>
    <content lang="en_US"><![CDATA[Lorem ipsum dolor sit ame22t, consectetur adipiscing elit. Donec id nulla dolor. Ut aliquet, mauris id molestie porttitor, dui lorem pretium sem, quis vestibulum orci purus ultrices lacus. Nulla accumsan tortor porta nibh consequat rhoncus. Pellentesque habitant morbi tristique senectus et netus et malesuada fames ac turpis egestas. Morbi elementum venenatis ante eu porta. Curabitur ultricies nunc vel elit rutrum scelerisque. Class aptent taciti sociosqu ad litora torquent per conubia nostra, per inceptos himenaeos. Suspendisse rutrum lectus quis sem malesuada nec placerat sapien malesuada.]]></content>
    <category lang="en_US">Real-Estate</category>
    <contactemail>your.false123@email.com</contactemail>
    <contactname>Mrs. True Name 123 1</contactname>
    <price>98.76</price>
    <currency>USD</currency>
    <city_area>0845744774</city_area>
    <city>Bucks</city>
    <region>Arizona</region>
    <countryId>US</countryId>
    <country>United States</country>
    <custom name="client">Companie</custom>
    <custom name="tip">Inchiriere</custom>
    <image>http://conejo.me/cats/13.jpg</image>
    <image>http://conejo.me/cats/598.jpg</image>
    <image>http://conejo.me/cats/1908.jpg</image>
    <datetime>2012-08-03 12:34:56</datetime>
  </listing>
  <listing>
    <title lang="en_US"><![CDATA[Title in English 222]]></title>
    <content lang="en_US"><![CDATA[Lorem ipsum dolor sit am1et, conse22ctetur adipiscing elit. Donec id nulla dolor. Ut aliquet, mauris id molestie porttitor, dui lorem pretium sem, quis vestibulum orci purus ultrices lacus. Nulla accumsan tortor porta nibh consequat rhoncus. Pellentesque habitant morbi tristique senectus et netus et malesuada fames ac turpis egestas. Morbi elementum venenatis ante eu porta. Curabitur ultricies nunc vel elit rutrum scelerisque. Class aptent taciti sociosqu ad litora torquent per conubia nostra, per inceptos himenaeos. Suspendisse rutrum lectus quis sem malesuada nec placerat sapien malesuada.]]></content>
    <category lang="en_US">Real-Estate</category>
    <contactemail>your.false123@email.com</contactemail>
    <contactname>Mrs. True Name 123 1</contactname>
    <price>98.76</price>
    <currency>USD</currency>
    <city_area>0845744774</city_area>
    <city>Bucks</city>
    <region>Arizona</region>
    <countryId>US</countryId>
    <country>United States</country>
    <custom name="client">Companie</custom>
    <custom name="tip">Inchiriere</custom>
    <image>http://conejo.me/cats/13.jpg</image>
    <image>http://conejo.me/cats/598.jpg</image>
    <image>http://conejo.me/cats/1908.jpg</image>
    <datetime>2012-08-03 12:34:56</datetime>
  </listing>
</listings>